,,,,,,,,,,,,,,,,,,,,,
102-1-2024,05/02/2024,Sales,Sell - Pre registration,Off-Plan,Free Hold,Residential,ARJAN,Unit,Flat,599760.00,33.91,33.91,Studio,1,Sharaf Dg Metro Station,Mall of the Emirates,Motor City,2,1,,Vincitore Dolce Vita
102-10-2024,11/01/2024,Sales,Sell - Pre registration,Off-Plan,Free Hold,Residential,JUMEIRAH VILLAGE CIRCLE,Unit,Flat,886320.00,66.47,66.47,1 B/R,1,Dubai Internet City,Mall of the Emirates,Sports City Swimming Academy,2,1,,THE VYBE
102-100-2024,11/03/2024,Sales,Sell - Pre registration,Off-Plan,Free Hold,Residential,Al Wasl,Unit,Flat,2727000.00,81.47,81.47,1 B/R,1,,,,2,1,,Central Park Plaza
102-1000-2024,08/01/2024,Sales,Sell - Pre registration,Off-Plan,Free Hold,Residential,JUMEIRAH VILLAGE CIRCLE,Unit,Flat,1169025.00,70.76,70.76,1 B/R,1,Nakheel Metro Station,Marina Mall,Sports City Swimming Academy,1,1,,Elitz 3 By Danube
102-10000-2024,19/02/2024,Sales,Sell - Pre registration,Off-Plan,Free Hold,Residential,JUMEIRAH LAKES TOWERS,Unit,Flat,2276828.00,123.70,123.70,2 B/R,1,Jumeirah Lakes Towers,Marina Mall,Sports City Swimming Academy,1,1,,UH WEST BY ELLINGTON
102-10001-2024,19/02/2024,Sales,Sell - Pre registration,Off-Plan,Free Hold,Residential,TOWN SQUARE,Unit,Flat,1135888.00,87.70,87.70,2 B/R,1,,,Dubai Cycling Course,1,1,,Grove
102-10002-2024,19/02/2024,Sales,Sell - Pre registration,Off-Plan,Free Hold,Residential,BURJ KHALIFA,Unit,Flat,1343888.00,37.40,37.40,Studio,1,Business Bay Metro Station,Dubai Mall,Downtown Dubai,1,1,,ROVE HOME RESIDENCES by IRTH
102-10003-2024,19/02/2024,Sales,Sell - Pre registration,Off-Plan,Free Hold,Residential,Bukadra,Unit,Flat,2198799.00,87.86,87.86,2 B/R,1,,,,1,1,,Riverside Crescent
102-10004-2024,19/02/2024,Sales,Sell - Pre registration,Off-Plan,Free Hold,Residential,TECOM SITE A,Unit,Flat,3125220.00,87.91,87.91,1 B/R,1,Palm Jumeirah,Marina Mall,Burj Al Arab,2,1,,DAMAC CASA
102-10005-2024,19/02/2024,Sales,Sell - Pre registration,Off-Plan,Free Hold,Residential,DUBAI CREEK HARBOUR,Unit,Flat,2755888.00,124.00,124.00,2 B/R,1,Creek Metro Station,City Centre Mirdif,Dubai International Airport,1,1,,Aeon
102-10006-2024,19/02/2024,Sales,Sell - Pre registration,Off-Plan,Free Hold,Residential,Al Yufrah 1,Building,Villa,5377888.00,396.00,396.00,5 B/R,,,,,2,1,,The Valley - Alana
102-10007-2024,19/02/2024,Sales,Sell - Pre registration,Off-Plan,Free Hold,Residential,JUMEIRAH VILLAGE CIRCLE,Unit,Flat,1195000.00,70.97,70.97,1 B/R,1,Nakheel Metro Station,Marina Mall,Sports City Swimming Academy,1,1,,Elitz 3 By Danube
102-10008-2024,19/02/2024,Sales,Sell - Pre registration,Off-Plan,Free Hold,Residential,DUBAI MARITIME CITY,Unit,Flat,1209000.00,39.71,39.71,Studio,1,,,,1,1,,Oceanz 1 By Danube
102-10009-2024,19/02/2024,Sales,Sell - Pre registration,Off-Plan,Free Hold,Residential,DUBAI MARITIME CITY,Unit,Flat,1304000.00,44.69,44.69,Studio,1,,,,1,1,,Oceanz 2 By Danube
102-1001-2024,08/01/2024,Sales,Sell - Pre registration,Off-Plan,Non Free Hold,Residential,SILICON OASIS,Unit,Flat,1285588.11,115.33,115.33,2 B/R,1,,,IMG World Adventures,2,1,,TRIA BY DEYAAR
102-10010-2024,19/02/2024,Sales,Sell - Pre registration,Off-Plan,Free Hold,Residential,ARJAN,Unit,Flat,601920.00,33.91,33.91,Studio,1,Sharaf Dg Metro Station,Mall of the Emirates,Motor City,1,1,,Vincitore Dolce Vita
102-10011-2024,19/02/2024,Sales,Sell - Pre registration,Off-Plan,Free Hold,Residential,Bukadra,Unit,Flat,1555451.00,66.44,66.44,1 B/R,1,,,,1,1,,Riverside Crescent
102-10012-2024,19/02/2024,Sales,Sell - Pre registration,Off-Plan,Free Hold,Residential,DUBAI MARITIME CITY,Unit,Flat,1983000.00,69.20,69.20,1 B/R,1,,,,1,1,,Oceanz 1 By Danube
102-10013-2024,19/02/2024,Sales,Sell - Pre registration,Off-Plan,Free Hold,Residential,DUBAI MARITIME CITY,Unit,Flat,2861000.00,119.14,119.14,2 B/R,1,,,,1,1,,Oceanz 2 By Danube
102-10014-2024,19/02/2024,Sales,Sell - Pre registration,Off-Plan,Free Hold,Residential,Palm Deira,Unit,Flat,2568800.00,92.88,92.88,1 B/R,1,,,,1,1,,Beach Residences Dubai Islands
102-10015-2024,19/02/2024,Sales,Sell - Pre registration,Off-Plan,Free Hold,Residential,Wadi Al Safa 2,Building,Villa,1756646.00,175.86,175.86,4 B/R,,,,IMG World Adventures,1,1,,Bianca
102-10016-2024,19/02/2024,Sales,Sell - Pre registration,Off-Plan,Free Hold,Residential,Marsa Dubai,Unit,Flat,8294587.00,187.95,187.95,2 B/R,2,,,,1,1,,Sobha Seahaven - Tower B
102-10017-2024,19/02/2024,Sales,Sell - Pre registration,Off-Plan,Free Hold,Residential,SOBHA HEARTLAND,Unit,Flat,2504601.00,118.46,118.46,2 B/R,1,,,,1,1,,Sobha Hartland - The Crest
102-10018-2024,19/02/2024,Sales,Sell - Pre registration,Off-Plan,Free Hold,Residential,Al Yufrah 1,Building,Villa,2226888.00,305.07,305.07,4 B/R,,,,,2,1,,The Valley - Elora
102-10019-2024,19/02/2024,Sales,Sell - Pre registration,Off-Plan,Free Hold,Residential,DUBAI MARITIME CITY,Unit,Flat,2082960.00,69.35,69.35,1 B/R,1,,,,1,1,,Oceanz 2 By Danube
102-1002-2024,08/01/2024,Sales,Sell - Pre registration,Off-Plan,Free Hold,Residential,DUBAI MARITIME CITY,Unit,Flat,2636200.00,110.02,110.02,2 B/R,1,,,,1,1,,Oceanz 1 By Danube
102-10020-2024,19/02/2024,Sales,Sell - Pre registration,Off-Plan,Free Hold,Residential,AL FURJAN,Unit,Flat,1818258.00,195.78,195.78,3 B/R,2,Ibn Battuta Metro Station,Ibn-e-Battuta Mall,Expo 2020 Site,1,1,,EQUITI ARCADE
102-10021-2024,19/02/2024,Sales,Sell - Pre registration,Off-Plan,Free Hold,Residential,AL FURJAN,Unit,Flat,1505000.00,142.78,142.78,2 B/R,1,Ibn Battuta Metro Station,Ibn-e-Battuta Mall,Sports City Swimming Academy,1,1,,Nadine Residences 2
102-10022-2024,19/02/2024,Sales,Sell - Pre registration,Off-Plan,Free Hold,Residential,ARJAN,Unit,Flat,1383200.00,86.25,86.25,2 B/R,1 0,Sharaf Dg Metro Station,Mall of the Emirates,Motor City,1,1,,Vincitore Dolce Vita
102-10023-2024,19/02/2024,Sales,Sell - Pre registration,Off-Plan,Free Hold,Residential,JUMEIRAH VILLAGE CIRCLE,Unit,Flat,735000.00,35.78,35.78,Studio,1,Nakheel Metro Station,Marina Mall,Sports City Swimming Academy,1,1,,Elitz 3 By Danube
102-10024-2024,19/02/2024,Sales,Sell - Pre registration,Off-Plan,Free Hold,Residential,LIWAN,Unit,Flat,849600.00,75.16,75.16,1 B/R,1,,,IMG World Adventures,1,1,,Symbolic Alpha
102-10025-2024,19/02/2024,Sales,Sell - Pre registration,Off-Plan,Free Hold,Residential,DUBAI MARITIME CITY,Unit,Flat,1206000.00,39.71,39.71,Studio,1,,,,1,1,,Oceanz 2 By Danube
102-10026-2024,19/02/2024,Sales,Sell - Pre registration,Off-Plan,Free Hold,Residential,Bukadra,Unit,Flat,1883282.00,78.99,78.99,1 B/R,1,,,,1,1,,Riverside Crescent
102-10027-2024,19/02/2024,Sales,Sell - Pre registration,Off-Plan,Free Hold,Residential,Al Satwa,Unit,Flat,1220000.00,54.71,54.71,Studio,1,Emirates Towers Metro Station,Dubai Mall,Burj Khalifa,1,1,,Hyde Walk Residence by Imtiaz
102-10028-2024,19/02/2024,Sales,Sell - Pre registration,Off-Plan,Free Hold,Residential,ARJAN,Unit,Flat,1755180.00,117.18,117.18,2 B/R,2 0,Sharaf Dg Metro Station,Mall of the Emirates,Motor City,2,1,,Vincitore Dolce Vita
102-10029-2024,19/02/2024,Sales,Sell - Pre registration,Off-Plan,Free Hold,Residential,Al Satwa,Unit,Flat,1066030.00,35.76,35.76,Studio,1,Emirates Towers Metro Station,Dubai Mall,Burj Khalifa,1,1,,Hyde Walk Residence by Imtiaz
102-1003-2024,08/01/2024,Sales,Sell - Pre registration,Off-Plan,Free Hold,Residential,Hadaeq Sheikh Mohammed Bin Rashid,Unit,Flat,1681899.00,73.32,73.32,1 B/R,1,,,,1,1,,Club Drive
102-10030-2024,19/02/2024,Sales,Sell - Pre registration,Off-Plan,Free Hold,Residential,MEYDAN ONE,Unit,Flat,672300.00,43.74,43.74,1 B/R,1,Buj Khalifa Dubai Mall Metro Station,Dubai Mall,Downtown Dubai,2,1,,Azizi Riviera 24
102-10031-2024,19/02/2024,Sales,Sell - Pre registration,Off-Plan,Free Hold,Residential,DUBAI LAND RESIDENCE COMPLEX,Unit,Flat,890851.00,97.52,97.52,2 B/R,1,,,IMG World Adventures,2,1,,AG CENTRAL
102-10032-2024,19/02/2024,Sales,Sell - Pre registration,Off-Plan,Free Hold,Residential,DUBAI MARITIME CITY,Unit,Flat,1226000.00,39.85,39.85,Studio,1,,,,1,1,,Oceanz 1 By Danube
102-10033-2024,19/02/2024,Sales,Sell - Pre registration,Off-Plan,Free Hold,Residential,TOWN SQUARE,Unit,Flat,847888.00,68.09,68.09,1 B/R,1,,,Dubai Cycling Course,1,1,,Grove
102-10034-2024,19/02/2024,Sales,Sell - Pre registration,Off-Plan,Free Hold,Residential,DUBAI MARITIME CITY,Unit,Flat,2021740.00,69.20,69.20,1 B/R,1,,,,1,1,,Oceanz 1 By Danube
102-10035-2024,19/02/2024,Sales,Sell - Pre registration,Off-Plan,Free Hold,Residential,DUBAI MARITIME CITY,Unit,Flat,1129000.00,37.19,37.19,Studio,1,,,,1,1,,Oceanz 1 By Danube
102-10036-2024,19/02/2024,Sales,Sell - Pre registration,Off-Plan,Free Hold,Residential,DUBAI MARITIME CITY,Unit,Flat,1562000.00,54.96,54.96,Studio,1,,,,1,1,,Oceanz 2 By Danube
102-10037-2024,19/02/2024,Sales,Sell - Pre registration,Off-Plan,Free Hold,Residential,Al Yufrah 1,Building,Villa,2511888.00,286.91,286.91,4 B/R,,,,,3,1,,The Valley - Nima
102-10038-2024,19/02/2024,Sales,Sell - Pre registration,Off-Plan,Free Hold,Residential,JUMEIRAH VILLAGE CIRCLE,Unit,Flat,1346824.00,102.77,102.77,2 B/R,1,Dubai Internet City,Marina Mall,Sports City Swimming Academy,1,1,,Binghatti House
102-10039-2024,19/02/2024,Sales,Sell - Pre registration,Off-Plan,Free Hold,Residential,DUBAI MARITIME CITY,Unit,Flat,1206000.00,39.85,39.85,Studio,1,,,,1,1,,Oceanz 1 By Danube
102-1004-2024,08/01/2024,Sales,Sell - Pre registration,Off-Plan,Free Hold,Residential,JUMEIRAH VILLAGE TRIANGLE,Unit,Flat,1042720.00,76.15,76.15,1 B/R,1 0,Harbour Tower,Ibn-e-Battuta Mall,Sports City Swimming Academy,1,1,,555 PARK VIEWS
102-10040-2024,19/02/2024,Sales,Sell - Pre registration,Off-Plan,Free Hold,Residential,Bukadra,Unit,Flat,1619750.00,68.40,68.40,1 B/R,1,,,,1,1,,Riverside Crescent
102-10041-2024,19/02/2024,Sales,Sell - Pre registration,Off-Plan,Free Hold,Residential,BURJ KHALIFA,Unit,Flat,1375888.00,38.68,38.68,Studio,1,Business Bay Metro Station,Dubai Mall,Downtown Dubai,1,1,,ROVE HOME RESIDENCES by IRTH
102-10042-2024,19/02/2024,Sales,Sell - Pre registration,Off-Plan,Free Hold,Residential,Wadi Al Safa 2,Unit,Flat,925300.00,69.24,69.24,2 B/R,1,,,,2,1,,ALBERO BY ORO24
102-10043-2024,19/02/2024,Sales,Sell - Pre registration,Off-Plan,Free Hold,Residential,DUBAI MARITIME CITY,Unit,Flat,2012000.00,69.20,69.20,1 B/R,1,,,,1,1,,Oceanz 1 By Danube
102-10044-2024,19/02/2024,Sales,Sell - Pre registration,Off-Plan,Free Hold,Residential,DUBAI MARITIME CITY,Unit,Flat,2092000.00,69.20,69.20,1 B/R,1,,,,1,1,,Oceanz 1 By Danube
102-10045-2024,19/02/2024,Sales,Sell - Pre registration,Off-Plan,Free Hold,Residential,ARJAN,Unit,Flat,1862190.00,117.64,117.64,2 B/R,2,Sharaf Dg Metro Station,Mall of the Emirates,Motor City,1,1,,Vincitore Dolce Vita
102-10046-2024,19/02/2024,Sales,Sell - Pre registration,Off-Plan,Free Hold,Residential,JUMEIRAH VILLAGE CIRCLE,Unit,Flat,756900.00,59.78,60.39,1 B/R,1,Dubai Internet City,Mall of the Emirates,Sports City Swimming Academy,1,1,,Binghatti Gardenia
102-10047-2024,19/02/2024,Sales,Sell - Pre registration,Off-Plan,Free Hold,Residential,Al Satwa,Unit,Flat,1865000.00,87.31,87.31,1 B/R,1,Emirates Towers Metro Station,Dubai Mall,Burj Khalifa,1,1,,Hyde Walk Residence by Imtiaz
102-10048-2024,19/02/2024,Sales,Sell - Pre registration,Off-Plan,Free Hold,Residential,BUSINESS BAY,Unit,Flat,2452000.00,84.17,84.17,1 B/R,1,Business Bay Metro Station,Dubai Mall,Downtown Dubai,1,1,,AYKON CITY 3
102-10049-2024,19/02/2024,Sales,Sell - Pre registration,Off-Plan,Free Hold,Residential,BUSINESS BAY,Unit,Flat,1857828.00,71.94,71.94,1 B/R,1,Business Bay Metro Station,Dubai Mall,Downtown Dubai,1,1,,THE QUAYSIDE
102-1005-2024,08/01/2024,Sales,Sell - Pre registration,Off-Plan,Free Hold,Residential,DUBAI CREEK HARBOUR,Unit,Flat,3726888.00,157.14,157.14,3 B/R,2,Creek Metro Station,City Centre Mirdif,Dubai International Airport,2,1,,Creek Beach - Savanna-Cedar-Mangrove
102-10050-2024,19/02/2024,Sales,Sell - Pre registration,Off-Plan,Free Hold,Residential,MEYDAN ONE,Unit,Flat,575250.00,38.53,38.53,Studio,1,Buj Khalifa Dubai Mall Metro Station,Dubai Mall,Downtown Dubai,1,1,,Azizi Riviera 32
102-10051-2024,19/02/2024,Sales,Sell - Pre registration,Off-Plan,Free Hold,Residential,JUMEIRAH VILLAGE CIRCLE,Unit,Flat,783864.00,37.01,37.01,Studio,1,Nakheel Metro Station,Marina Mall,Sports City Swimming Academy,1,1,,Manhattan 1 by SD
102-10052-2024,19/02/2024,Sales,Sell - Pre registration,Off-Plan,Free Hold,Residential,BUSINESS BAY,Unit,Flat,3854400.00,169.38,169.38,3 B/R,1,Business Bay Metro Station,Dubai Mall,Downtown Dubai,1,1,,AYKON CITY 3
102-10053-2024,19/02/2024,Sales,Sell - Pre registration,Off-Plan,Free Hold,Residential,BUSINESS BAY,Unit,Flat,2513000.00,71.55,71.55,1 B/R,1,Business Bay Metro Station,Dubai Mall,Downtown Dubai,1,1,,AYKON CITY 3
102-10054-2024,19/02/2024,Sales,Sell - Pre registration,Off-Plan,Free Hold,Residential,MEYDAN ONE,Unit,Flat,631180.00,31.22,31.22,Studio,B2-65,Buj Khalifa Dubai Mall Metro Station,Dubai Mall,Downtown Dubai,1,1,,Azizi Riviera 36
102-10055-2024,19/02/2024,Sales,Sell - Pre registration,Off-Plan,Free Hold,Residential,DUBAI MARITIME CITY,Unit,Flat,1226000.00,39.71,39.71,Studio,1,,,,1,1,,Oceanz 2 By Danube
102-10056-2024,19/02/2024,Sales,Sell - Pre registration,Off-Plan,Free Hold,Residential,DUBAI CREEK HARBOUR,Unit,Flat,1719888.00,70.92,70.92,1 B/R,1,Creek Metro Station,City Centre Mirdif,Dubai International Airport,1,1,,Aeon
102-10057-2024,19/02/2024,Sales,Sell - Pre registration,Off-Plan,Free Hold,Residential,Palm Deira,Unit,Flat,4088800.00,139.14,139.14,2 B/R,1,,,,2,1,,Beach Residences Dubai Islands
102-10058-2024,19/02/2024,Sales,Sell - Pre registration,Off-Plan,Free Hold,Residential,JUMEIRAH VILLAGE CIRCLE,Unit,Flat,1185000.00,70.76,70.76,1 B/R,1,Nakheel Metro Station,Marina Mall,Sports City Swimming Academy,2,1,,Elitz 3 By Danube
102-10059-2024,19/02/2024,Sales,Sell - Pre registration,Off-Plan,Free Hold,Residential,DUBAI MARITIME CITY,Unit,Flat,2689000.00,110.00,110.00,2 B/R,1,,,,1,1,,Oceanz 1 By Danube
102-1006-2024,08/01/2024,Sales,Sell - Pre registration,Off-Plan,Non Free Hold,Residential,SILICON OASIS,Unit,Flat,552357.00,45.24,45.24,Studio,1,,,IMG World Adventures,2,1,,TRIA BY DEYAAR
102-10060-2024,19/02/2024,Sales,Sell - Pre registration,Off-Plan,Free Hold,Residential,AL FURJAN,Unit,Flat,850000.00,82.17,82.17,1 B/R,1,Ibn Battuta Metro Station,Ibn-e-Battuta Mall,Sports City Swimming Academy,2,1,,Nadine Residences
102-10061-2024,19/02/2024,Sales,Sell - Pre registration,Off-Plan,Free Hold,Residential,DUBAI LAND RESIDENCE COMPLEX,Unit,Flat,890851.00,97.52,97.52,2 B/R,1,,,IMG World Adventures,3,1,,AG CENTRAL
102-10062-2024,19/02/2024,Sales,Sell - Pre registration,Off-Plan,Free Hold,Residential,DUBAI LAND RESIDENCE COMPLEX,Unit,Flat,442323.00,39.13,39.13,Studio,1,,,IMG World Adventures,1,1,,AG CENTRAL
102-10063-2024,19/02/2024,Sales,Sell - Pre registration,Off-Plan,Free Hold,Residential,JUMEIRAH VILLAGE CIRCLE,Unit,Flat,2300000.00,141.14,141.14,3 B/R,2,Nakheel Metro Station,Marina Mall,Sports City Swimming Academy,2,1,,Elitz 3 By Danube
102-10064-2024,19/02/2024,Sales,Sell - Pre registration,Off-Plan,Free Hold,Residential,DUBAI MARITIME CITY,Unit,Flat,2101000.00,68.43,68.43,1 B/R,1,,,,1,1,,Oceanz 2 By Danube
102-10065-2024,19/02/2024,Sales,Sell - Pre registration,Off-Plan,Free Hold,Residential,SOBHA HEARTLAND,Unit,Flat,4276571.00,214.76,214.76,3 B/R,2,Buj Khalifa Dubai Mall Metro Station,Dubai Mall,Downtown Dubai,1,1,,Sobha Hartland Waves Opulence
102-10066-2024,19/02/2024,Sales,Sell - Pre registration,Off-Plan,Free Hold,Residential,Al Yufrah 1,Building,Villa,2810888.00,287.61,287.61,4 B/R,,,,,1,1,,The Valley - Nima
102-10067-2024,19/02/2024,Sales,Sell - Pre registration,Off-Plan,Free Hold,Residential,MEYDAN ONE,Unit,Flat,684060.00,47.98,47.64,1 B/R,B1-17,Buj Khalifa Dubai Mall Metro Station,Dubai Mall,Downtown Dubai,1,1,,Azizi Riviera 25
102-10068-2024,19/02/2024,Sales,Sell - Pre registration,Off-Plan,Free Hold,Residential,MEYDAN ONE,Unit,Flat,659200.00,35.88,35.88,Studio,B1-22,Buj Khalifa Dubai Mall Metro Station,Dubai Mall,Downtown Dubai,1,1,,Azizi Riviera 25
102-10069-2024,19/02/2024,Sales,Sell - Pre registration,Off-Plan,Free Hold,Residential,ARJAN,Unit,Flat,592900.00,33.91,33.91,Studio,1 0,Sharaf Dg Metro Station,Mall of the Emirates,Motor City,1,1,,Vincitore Dolce Vita
102-1007-2024,08/01/2024,Sales,Sell - Pre registration,Off-Plan,Free Hold,Residential,DUBAI HEALTHCARE CITY - PHASE 2,Unit,Flat,533400.00,41.70,41.65,Studio,P2-73,Al Jadaf Metro Station,Dubai Mall,Downtown Dubai,1,1,,AL WALEED GARDEN 2
102-10070-2024,19/02/2024,Sales,Sell - Pre registration,Off-Plan,Free Hold,Residential,DUBAI MARITIME CITY,Unit,Flat,1217000.00,39.71,39.71,Studio,1,,,,1,1,,Oceanz 2 By Danube
102-10071-2024,19/02/2024,Sales,Sell - Pre registration,Off-Plan,Free Hold,Residential,DUBAI MARITIME CITY,Unit,Flat,2707000.00,110.00,110.00,2 B/R,1,,,,1,1,,Oceanz 1 By Danube
102-10072-2024,19/02/2024,Sales,Sell - Pre registration,Off-Plan,Free Hold,Residential,Bukadra,Unit,Flat,1567818.00,69.36,69.36,1 B/R,1,,,,1,1,,Riverside Crescent
102-10073-2024,19/02/2024,Sales,Sell - Pre registration,Off-Plan,Free Hold,Residential,DUBAI CREEK HARBOUR,Unit,Flat,1927888.00,75.68,75.68,1 B/R,1,Creek Metro Station,City Centre Mirdif,Dubai International Airport,2,1,,Aeon
102-10074-2024,19/02/2024,Sales,Sell - Pre registration,Off-Plan,Free Hold,Residential,MEYDAN ONE,Unit,Flat,759200.00,51.62,50.98,1 B/R,G-58,Buj Khalifa Dubai Mall Metro Station,Dubai Mall,Downtown Dubai,1,1,,Azizi Riviera 25
102-10075-2024,19/02/2024,Sales,Sell - Pre registration,Off-Plan,Free Hold,Residential,JUMEIRAH VILLAGE CIRCLE,Unit,Flat,1192000.00,70.76,70.76,1 B/R,1,Nakheel Metro Station,Marina Mall,Sports City Swimming Academy,1,1,,Elitz 3 By Danube
102-10076-2024,19/02/2024,Sales,Sell - Pre registration,Off-Plan,Free Hold,Residential,JUMEIRAH VILLAGE CIRCLE,Unit,Flat,748200.00,48.47,48.78,1 B/R,1,Dubai Internet City,Mall of the Emirates,Sports City Swimming Academy,1,1,,Binghatti Gardenia
102-10077-2024,19/02/2024,Sales,Sell - Pre registration,Off-Plan,Free Hold,Residential,Bukadra,Unit,Flat,1612613.00,69.36,69.36,1 B/R,1,,,,2,1,,Riverside Crescent
102-10078-2024,19/02/2024,Sales,Sell - Pre registration,Off-Plan,Free Hold,Residential,MAJAN,Unit,Flat,840560.00,41.73,41.73,Studio,1,,,,2,1,,Samana Barari Views
102-10079-2024,19/02/2024,Sales,Sell - Pre registration,Off-Plan,Free Hold,Residential,DUBAI HARBOUR,Unit,Flat,10010888.00,168.05,168.05,3 B/R,2,,,,1,1,,BAYVIEW
102-1008-2024,08/01/2024,Sales,Sell - Pre registration,Off-Plan,Non Free Hold,Residential,SILICON OASIS,Unit,Flat,1208023.00,115.87,115.87,2 B/R,1,,,IMG World Adventures,2,1,,TRIA BY DEYAAR
102-10080-2024,19/02/2024,Sales,Sell - Pre registration,Off-Plan,Free Hold,Residential,TOWN SQUARE,Unit,Flat,823888.00,60.95,60.95,1 B/R,1,,,Dubai Cycling Course,1,1,,Grove
102-10081-2024,19/02/2024,Sales,Sell - Pre registration,Off-Plan,Free Hold,Residential,DUBAI HEALTHCARE CITY - PHASE 2,Unit,Flat,1248000.00,52.81,52.80,1 B/R,P2-52,Al Jadaf Metro Station,Dubai Mall,Downtown Dubai,1,1,,Fawad Azizi Residence
102-10082-2024,19/02/2024,Sales,Sell - Pre registration,Off-Plan,Free Hold,Residential,LIWAN,Unit,Flat,830200.00,73.45,73.45,1 B/R,1,,,IMG World Adventures,1,1,,Symbolic Alpha
102-10083-2024,19/02/2024,Sales,Sell - Pre registration,Off-Plan,Free Hold,Residential,TOWN SQUARE,Unit,Flat,1161888.00,89.16,89.16,2 B/R,1,,,Dubai Cycling Course,1,1,,Grove
102-10084-2024,19/02/2024,Sales,Sell - Pre registration,Off-Plan,Free Hold,Residential,Bukadra,Unit,Flat,2630834.00,105.35,105.35,2 B/R,1,,,,1,1,,Riverside Crescent
102-10085-2024,19/02/2024,Sales,Sell - Pre registration,Off-Plan,Free Hold,Residential,Al Yufrah 1,Building,Villa,2291888.00,178.45,178.45,3 B/R,,,,,3,1,,The Valley - Nima
102-10086-2024,19/02/2024,Sales,Sell - Pre registration,Off-Plan,Free Hold,Residential,JUMEIRAH VILLAGE TRIANGLE,Unit,Flat,563236.00,34.86,34.86,Studio,1,Damac Properties,Marina Mall,Sports City Swimming Academy,1,1,,ELBRUS TOWER
102-10087-2024,19/02/2024,Sales,Sell - Pre registration,Off-Plan,Free Hold,Residential,DUBAI SPORTS CITY,Unit,Flat,1429281.00,129.02,129.02,2 B/R,1,Nakheel Metro Station,Marina Mall,Sports City Swimming Academy,1,1,,Vista by Prestige One
102-10088-2024,19/02/2024,Sales,Sell - Pre registration,Off-Plan,Free Hold,Residential,Wadi Al Safa 2,Building,Villa,1306672.00,94.25,94.25,2 B/R,,,,IMG World Adventures,1,1,,Bianca
102-10089-2024,19/02/2024,Sales,Sell - Pre registration,Off-Plan,Free Hold,Residential,Business Bay,Unit,Flat,1400000.00,51.12,51.12,Studio,1,,,,2,1,,Trillionaire Residences by Binghatti
102-1009-2024,08/01/2024,Sales,Sell - Pre registration,Off-Plan,Free Hold,Residential,ARJAN,Unit,Flat,1166154.64,80.95,80.95,1 B/R,1,Sharaf Dg Metro Station,Mall of the Emirates,Motor City,2,1,,Adhara Star
102-10090-2024,19/02/2024,Sales,Sell - Pre registration,Off-Plan,Free Hold,Residential,DUBAI MARITIME CITY,Unit,Flat,2705000.00,110.00,110.00,2 B/R,1,,,,2,1,,Oceanz 1 By Danube
102-10091-2024,19/02/2024,Sales,Sell - Pre registration,Off-Plan,Free Hold,Residential,TOWN SQUARE,Unit,Flat,789888.00,59.60,59.60,1 B/R,1,,,Dubai Cycling Course,1,1,,Grove
102-10092-2024,19/02/2024,Sales,Sell - Pre registration,Off-Plan,Free Hold,Residential,BURJ KHALIFA,Unit,Flat,1361888.00,37.42,37.42,Studio,1,Business Bay Metro Station,Dubai Mall,Downtown Dubai,1,1,,ROVE HOME RESIDENCES by IRTH
102-10093-2024,19/02/2024,Sales,Sell - Pre registration,Off-Plan,Free Hold,Residential,MEYDAN ONE,Unit,Flat,799000.00,51.37,51.16,1 B/R,B1-47,Buj Khalifa Dubai Mall Metro Station,Dubai Mall,Downtown Dubai,1,1,,Azizi Riviera 22
102-10094-2024,19/02/2024,Sales,Sell - Pre registration,Off-Plan,Free Hold,Residential,Bukadra,Unit,Flat,1612613.00,69.36,69.36,1 B/R,1,,,,1,1,,Riverside Crescent
102-10095-2024,19/02/2024,Sales,Sell - Pre registration,Off-Plan,Free Hold,Residential,Bukadra,Unit,Flat,1870528.00,78.99,78.99,1 B/R,1,,,,1,1,,Riverside Crescent
102-10096-2024,19/02/2024,Sales,Sell - Pre registration,Off-Plan,Free Hold,Residential,JUMEIRAH VILLAGE CIRCLE,Unit,Flat,600000.00,29.04,30.18,Studio,1,Dubai Internet City,Mall of the Emirates,Sports City Swimming Academy,1,1,,Binghatti Gardenia
102-10097-2024,19/02/2024,Sales,Sell - Pre registration,Off-Plan,Free Hold,Residential,LIWAN,Unit,Flat,751600.00,66.50,66.50,1 B/R,1,,,IMG World Adventures,2,1,,Symbolic Alpha
102-10098-2024,19/02/2024,Sales,Sell - Pre registration,Off-Plan,Free Hold,Residential,AL FURJAN,Unit,Flat,1937719.50,195.78,195.78,3 B/R,2,Ibn Battuta Metro Station,Ibn-e-Battuta Mall,Expo 2020 Site,2,1,,EQUITI ARCADE
102-10099-2024,19/02/2024,Sales,Sell - Pre registration,Off-Plan,Free Hold,Residential,BUSINESS BAY,Unit,Flat,1256000.00,50.48,50.48,Studio,1,Business Bay Metro Station,Dubai Mall,Downtown Dubai,2,1,,AYKON CITY 3
102-101-2024,16/02/2024,Sales,Sell - Pre registration,Off-Plan,Free Hold,Residential,Al Wasl,Unit,Flat,2788000.00,81.47,81.47,NA,1,,,,1,1,,Central Park Plaza
102-1010-2024,08/01/2024,Sales,Sell - Pre registration,Off-Plan,Free Hold,Residential,Marsa Dubai,Unit,Flat,3688000.00,76.85,76.85,1 B/R,1,,,,2,1,,DAMAC BAY 2
102-10100-2024,19/02/2024,Sales,Sell - Pre registration,Off-Plan,Free Hold,Residential,BURJ KHALIFA,Unit,Flat,1868888.00,54.60,54.60,1 B/R,1,Business Bay Metro Station,Dubai Mall,Downtown Dubai,1,1,,ROVE HOME RESIDENCES by IRTH
102-10101-2024,19/02/2024,Sales,Sell - Pre registration,Off-Plan,Free Hold,Residential,TOWN SQUARE,Unit,Flat,1114888.00,90.17,90.17,2 B/R,1,,,Dubai Cycling Course,2,1,,Symphony
102-10102-2024,19/02/2024,Sales,Sell - Pre registration,Off-Plan,Free Hold,Residential,BUSINESS BAY,Unit,Flat,1822828.00,71.59,71.59,1 B/R,1,Business Bay Metro Station,Dubai Mall,Downtown Dubai,2,1,,THE QUAYSIDE
102-10103-2024,19/02/2024,Sales,Sell - Pre registration,Off-Plan,Free Hold,Residential,Bukadra,Unit,Flat,1870528.00,78.99,78.99,1 B/R,1,,,,1,1,,Riverside Crescent
102-10104-2024,19/02/2024,Sales,Sell - Pre registration,Off-Plan,Free Hold,Residential,Bukadra,Unit,Flat,2077404.00,83.73,83.73,1 B/R,1,,,,1,1,,Riverside Crescent
102-10105-2024,19/02/2024,Sales,Sell - Pre registration,Off-Plan,Free Hold,Residential,Bukadra,Unit,Flat,1171539.00,46.01,46.01,1 B/R,1,,,,1,1,,Riverside Crescent
102-10106-2024,19/02/2024,Sales,Sell - Pre registration,Off-Plan,Free Hold,Residential,MAJAN,Unit,Flat,1099818.00,67.92,67.92,1 B/R,1,,,,1,1,,Samana Barari Views
102-10107-2024,19/02/2024,Sales,Sell - Pre registration,Off-Plan,Free Hold,Residential,BUSINESS BAY,Unit,Flat,4052160.00,176.94,176.94,3 B/R,1,Business Bay Metro Station,Dubai Mall,Downtown Dubai,1,1,,AYKON CITY 3
102-10108-2024,19/02/2024,Sales,Sell - Pre registration,Off-Plan,Free Hold,Residential,TOWN SQUARE,Unit,Flat,1180888.00,89.58,89.58,2 B/R,1,,,Dubai Cycling Course,2,1,,Grove
102-10109-2024,19/02/2024,Sales,Sell - Pre registration,Off-Plan,Free Hold,Residential,MEYDAN ONE,Unit,Flat,469196.00,27.41,27.21,Studio,B2-48,Buj Khalifa Dubai Mall Metro Station,Dubai Mall,Downtown Dubai,1,1,,Azizi Riviera 22
102-1011-2024,08/01/2024,Sales,Sell - Pre registration,Off-Plan,Non Free Hold,Residential,SILICON OASIS,Unit,Flat,538259.46,40.59,40.59,Studio,1,,,IMG World Adventures,1,1,,TRIA BY DEYAAR
102-10110-2024,19/02/2024,Sales,Sell - Pre registration,Off-Plan,Free Hold,Residential,DUBAI HEALTHCARE CITY - PHASE 2,Unit,Flat,1509600.00,54.00,54.03,1 B/R,B1-115,Al Jadaf Metro Station,Dubai Mall,Downtown Dubai,2,1,,Fawad Azizi Residence
102-10111-2024,19/02/2024,Sales,Sell - Pre registration,Off-Plan,Free Hold,Residential,BUSINESS BAY,Unit,Flat,2296000.00,69.60,69.60,1 B/R,1,Business Bay Metro Station,Dubai Mall,Downtown Dubai,1,1,,AYKON CITY 3
102-10112-2024,19/02/2024,Sales,Sell - Pre registration,Off-Plan,Free Hold,Residential,BUSINESS BAY,Unit,Flat,2335679.24,81.76,81.76,1 B/R,1,Business Bay Metro Station,Dubai Mall,Downtown Dubai,1,1,,Al Habtoor Tower
102-10113-2024,19/02/2024,Sales,Sell - Pre registration,Off-Plan,Free Hold,Residential,Bukadra,Unit,Flat,1641592.00,68.39,68.39,1 B/R,1,,,,1,1,,Riverside Crescent
102-10114-2024,19/02/2024,Sales,Sell - Pre registration,Off-Plan,Free Hold,Residential,JUMEIRAH VILLAGE CIRCLE,Unit,Flat,740000.00,39.36,39.36,Studio,1,Nakheel Metro Station,Marina Mall,Sports City Swimming Academy,1,1,,Elitz 3 By Danube
102-10115-2024,19/02/2024,Sales,Sell - Pre registration,Off-Plan,Free Hold,Residential,JUMEIRAH VILLAGE CIRCLE,Unit,Flat,789000.00,39.31,39.31,Studio,1,Nakheel Metro Station,Marina Mall,Sports City Swimming Academy,1,1,,Elitz 3 By Danube
102-10116-2024,19/02/2024,Sales,Sell - Pre registration,Off-Plan,Free Hold,Residential,DUBAI HEALTHCARE CITY - PHASE 2,Unit,Flat,812250.00,39.51,39.47,Studio,B2-48,Al Jadaf Metro Station,Dubai Mall,Downtown Dubai,1,1,,Fawad Azizi Residence
102-10117-2024,19/02/2024,Sales,Sell - Pre registration,Off-Plan,Free Hold,Residential,SOBHA HEARTLAND,Unit,Flat,3601828.00,153.56,153.56,2 B/R,2,Buj Khalifa Dubai Mall Metro Station,Dubai Mall,Downtown Dubai,1,1,,THE HIGHBURY
102-10118-2024,19/02/2024,Sales,Sell - Pre registration,Off-Plan,Free Hold,Residential,AL FURJAN,Unit,Flat,2514522.00,203.15,203.15,3 B/R,2,Ibn Battuta Metro Station,Ibn-e-Battuta Mall,Sports City Swimming Academy,1,1,,AVENUE RESIDENCE 5
102-10119-2024,19/02/2024,Sales,Sell - Pre registration,Off-Plan,Free Hold,Residential,AL FURJAN,Unit,Flat,1450000.00,129.64,129.64,2 B/R,1,Ibn Battuta Metro Station,Ibn-e-Battuta Mall,Sports City Swimming Academy,1,1,,Nadine Residences
102-1012-2024,08/01/2024,Sales,Sell - Pre registration,Off-Plan,Non Free Hold,Residential,SILICON OASIS,Unit,Flat,1195734.26,115.62,115.62,2 B/R,1,,,IMG World Adventures,1,1,,TRIA BY DEYAAR
102-10120-2024,19/02/2024,Sales,Sell - Pre registration,Off-Plan,Free Hold,Residential,DUBAI SPORTS CITY,Unit,Flat,1429281.00,129.02,129.02,2 B/R,1,Nakheel Metro Station,Marina Mall,Sports City Swimming Academy,1,1,,Vista by Prestige One
102-10121-2024,19/02/2024,Sales,Sell - Pre registration,Off-Plan,Free Hold,Residential,DUBAI MARITIME CITY,Unit,Flat,2000000.00,69.26,69.26,1 B/R,1,,,,2,1,,Oceanz 2 By Danube
102-10122-2024,19/02/2024,Sales,Sell - Pre registration,Off-Plan,Free Hold,Residential,Al Hebiah Fourth,Building,Villa,2500000.00,218.66,218.66,4 B/R,,,,,1,1,,Alicante villas
102-10123-2024,19/02/2024,Sales,Sell - Pre registration,Off-Plan,Free Hold,Residential,JUMEIRAH VILLAGE CIRCLE,Unit,Flat,850000.00,112.35,112.35,2 B/R,1,Dubai Internet City,Marina Mall,Sports City Swimming Academy,1,1,,Binghatti Orchid
102-10124-2024,19/02/2024,Sales,Sell - Pre registration,Off-Plan,Free Hold,Residential,DUBAI SPORTS CITY,Unit,Flat,1429281.00,129.05,129.05,2 B/R,1,Nakheel Metro Station,Marina Mall,Sports City Swimming Academy,1,1,,Vista by Prestige One
102-10125-2024,19/02/2024,Sales,Sell - Pre registration,Off-Plan,Free Hold,Residential,Wadi Al Safa 3,Building,Villa,19780828.00,588.00,588.00,5 B/R,,,,,1,1,,THE LAKEVIEW VILLAS BY ELLINGTON
102-10126-2024,19/02/2024,Sales,Sell - Pre registration,Off-Plan,Free Hold,Residential,JUMEIRAH VILLAGE CIRCLE,Unit,Flat,752550.00,59.73,60.21,1 B/R,1,Dubai Internet City,Mall of the Emirates,Sports City Swimming Academy,1,1,,Binghatti Gardenia
102-10127-2024,19/02/2024,Sales,Sell - Pre registration,Off-Plan,Free Hold,Residential,Wadi Al Safa 2,Unit,Flat,512050.00,33.47,33.47,Studio,1,,,,1,1,,ALBERO BY ORO24
102-10128-2024,19/02/2024,Sales,Sell - Pre registration,Off-Plan,Free Hold,Residential,TOWN SQUARE,Unit,Flat,1156888.00,93.57,93.57,2 B/R,1,,,Dubai Cycling Course,1,1,,Grove
102-10129-2024,19/02/2024,Sales,Sell - Pre registration,Off-Plan,Free Hold,Residential,PALM JUMEIRAH,Unit,Flat,4268800.00,108.49,108.49,1 B/R,1,Palm Jumeirah,Marina Mall,Burj Al Arab,1,1,,Palm Beach Towers -3
102-1013-2024,08/01/2024,Sales,Sell - Pre registration,Off-Plan,Non Free Hold,Residential,SILICON OASIS,Unit,Flat,528011.33,40.49,40.49,Studio,1,,,IMG World Adventures,1,1,,TRIA BY DEYAAR
102-10130-2024,19/02/2024,Sales,Sell - Pre registration,Off-Plan,Free Hold,Residential,TOWN SQUARE,Unit,Flat,819888.00,60.04,60.04,1 B/R,1,,,Dubai Cycling Course,1,1,,Grove
102-10131-2024,19/02/2024,Sales,Sell - Pre registration,Off-Plan,Free Hold,Residential,DUBAI HILLS,Unit,Flat,3381828.00,126.52,126.52,2 B/R,1,First Abu Dhabi Bank Metro Station,Mall of the Emirates,Global Village,1,1,,ELLINGTON HOUSE II
102-10132-2024,19/02/2024,Sales,Sell - Pre registration,Off-Plan,Free Hold,Residential,DUBAI CREEK HARBOUR,Unit,Flat,1871888.00,75.68,75.68,1 B/R,1,Creek Metro Station,City Centre Mirdif,Dubai International Airport,1,1,,Aeon
102-10133-2024,19/02/2024,Sales,Sell - Pre registration,Off-Plan,Free Hold,Residential,BUSINESS BAY,Unit,Flat,3933000.00,160.97,160.97,3 B/R,1,Business Bay Metro Station,Dubai Mall,Downtown Dubai,1,1,,AYKON CITY 3
102-10134-2024,19/02/2024,Sales,Sell - Pre registration,Off-Plan,Free Hold,Residential,MEYDAN ONE,Unit,Flat,786840.00,53.33,52.65,1 B/R,B1-57,Buj Khalifa Dubai Mall Metro Station,Dubai Mall,Downtown Dubai,1,1,,Azizi Riviera 22
102-10135-2024,19/02/2024,Sales,Sell - Pre registration,Off-Plan,Free Hold,Residential,JUMEIRAH LAKES TOWERS,Unit,Flat,1689828.00,84.93,84.93,1 B/R,1,Jumeirah Lakes Towers,Marina Mall,Sports City Swimming Academy,2,1,,UH WEST BY ELLINGTON
102-10136-2024,19/02/2024,Sales,Sell - Pre registration,Off-Plan,Free Hold,Residential,SOBHA HEARTLAND,Unit,Flat,1557212.00,74.71,74.71,1 B/R,1,Buj Khalifa Dubai Mall Metro Station,Dubai Mall,Downtown Dubai,1,1,,Sobha Hartland Waves Opulence
102-10137-2024,19/02/2024,Sales,Sell - Pre registration,Off-Plan,Free Hold,Residential,BUSINESS BAY,Unit,Flat,1155948.62,84.62,84.62,1 B/R,1,Buj Khalifa Dubai Mall Metro Station,Dubai Mall,Downtown Dubai,1,1,,NOBLES
102-10138-2024,19/02/2024,Sales,Sell - Pre registration,Off-Plan,Free Hold,Residential,DUBAI HEALTHCARE CITY - PHASE 2,Unit,Flat,753000.00,32.95,32.91,Studio,B2-40,Al Jadaf Metro Station,Dubai Mall,Downtown Dubai,1,1,,Fawad Azizi Residence
102-10139-2024,19/02/2024,Sales,Sell - Pre registration,Off-Plan,Free Hold,Residential,BUSINESS BAY,Unit,Flat,2130119.88,82.87,82.87,1 B/R,1,Business Bay Metro Station,Dubai Mall,Downtown Dubai,1,1,,Al Habtoor Tower
102-1014-2024,08/01/2024,Sales,Sell - Pre registration,Off-Plan,Non Free Hold,Residential,SILICON OASIS,Unit,Flat,834443.00,74.85,74.85,1 B/R,1,,,IMG World Adventures,1,1,,TRIA BY DEYAAR
102-10140-2024,19/02/2024,Sales,Sell - Pre registration,Off-Plan,Free Hold,Residential,TOWN SQUARE,Unit,Flat,1164888.00,93.28,93.28,2 B/R,1,,,Dubai Cycling Course,1,1,,Grove
102-10141-2024,19/02/2024,Sales,Sell - Pre registration,Off-Plan,Free Hold,Residential,SOBHA HEARTLAND,Unit,Flat,3649828.00,160.83,160.83,2 B/R,2,Buj Khalifa Dubai Mall Metro Station,Dubai Mall,Downtown Dubai,1,1,,THE HIGHBURY
102-10142-2024,19/02/2024,Sales,Sell - Pre registration,Off-Plan,Free Hold,Residential,DUBAI MARITIME CITY,Unit,Flat,1291000.00,57.15,57.15,Studio,1,,,,1,1,,Oceanz 1 By Danube
102-10143-2024,19/02/2024,Sales,Sell - Pre registration,Off-Plan,Free Hold,Residential,JUMEIRAH VILLAGE CIRCLE,Unit,Flat,1150000.00,116.26,116.26,2 B/R,1,Dubai Internet City,Marina Mall,Sports City Swimming Academy,1,1,,Binghatti Orchid
102-10144-2024,19/02/2024,Sales,Sell - Pre registration,Off-Plan,Free Hold,Residential,DUBAI LAND RESIDENCE COMPLEX,Unit,Flat,948643.00,103.68,103.68,2 B/R,1,,,IMG World Adventures,1,1,,AG CENTRAL
102-10145-2024,19/02/2024,Sales,Sell - Pre registration,Off-Plan,Free Hold,Residential,Bukadra,Unit,Flat,1567818.00,69.36,69.36,1 B/R,1,,,,1,1,,Riverside Crescent
102-10146-2024,19/02/2024,Sales,Sell - Pre registration,Off-Plan,Free Hold,Residential,DUBAI MARITIME CITY,Unit,Flat,1185030.00,39.71,39.71,Studio,1,,,,1,1,,Oceanz 1 By Danube
102-10147-2024,19/02/2024,Sales,Sell - Pre registration,Off-Plan,Free Hold,Residential,TOWN SQUARE,Unit,Flat,827888.00,60.95,60.95,1 B/R,1,,,Dubai Cycling Course,1,1,,Grove
102-10148-2024,19/02/2024,Sales,Sell - Pre registration,Off-Plan,Free Hold,Residential,ARJAN,Unit,Flat,655830.00,40.18,40.18,Studio,1 0,Sharaf Dg Metro Station,Mall of the Emirates,Motor City,1,1,,Vincitore Dolce Vita
102-10149-2024,19/02/2024,Sales,Sell - Pre registration,Off-Plan,Free Hold,Residential,DUBAI MARITIME CITY,Unit,Flat,2682000.00,110.00,110.00,2 B/R,1,,,,1,1,,Oceanz 1 By Danube
102-1015-2024,08/01/2024,Sales,Sell - Pre registration,Off-Plan,Free Hold,Residential,MEYDAN ONE,Unit,Flat,1159620.00,56.73,56.73,1 B/R,1,Buj Khalifa Dubai Mall Metro Station,Dubai Mall,Downtown Dubai,1,1,,Azizi Riviera 23
102-10150-2024,19/02/2024,Sales,Sell - Pre registration,Off-Plan,Free Hold,Residential,DUBAI MARITIME CITY,Unit,Flat,2700000.00,110.00,110.00,2 B/R,1,,,,1,1,,Oceanz 1 By Danube
102-10151-2024,19/02/2024,Sales,Sell - Pre registration,Off-Plan,Free Hold,Residential,BUSINESS BAY,Unit,Flat,2663000.00,70.36,70.36,1 B/R,1,Business Bay Metro Station,Dubai Mall,Downtown Dubai,2,1,,AYKON CITY 3
102-10152-2024,19/02/2024,Sales,Sell - Pre registration,Off-Plan,Free Hold,Residential,DUBAI MARITIME CITY,Unit,Flat,2885000.00,119.14,119.14,2 B/R,1,,,,3,1,,Oceanz 2 By Danube
102-10153-2024,19/02/2024,Sales,Sell - Pre registration,Off-Plan,Free Hold,Residential,PALM JUMEIRAH,Unit,Flat,26500000.00,304.10,304.10,2 B/R,2,,,,1,1,,Armani Beach Residences At Palm Jumeirah
102-10154-2024,19/02/2024,Sales,Sell - Pre registration,Off-Plan,Free Hold,Residential,DUBAI SPORTS CITY,Unit,Flat,534400.00,34.47,34.47,Studio,1,Nakheel Metro Station,Marina Mall,Sports City Swimming Academy,2,1,,Azizi Grand
102-10155-2024,20/02/2024,Sales,Sell - Pre registration,Off-Plan,Free Hold,Residential,Al Hebiah Sixth,Building,Villa,3193000.00,240.00,240.00,4 B/R,,,,,1,1,,Mudon Al Ranim 8
102-10156-2024,20/02/2024,Sales,Sell - Pre registration,Off-Plan,Free Hold,Residential,Al Hebiah Sixth,Building,Villa,2755000.00,168.00,168.00,3 B/R,,,,,2,1,,Mudon Al Ranim 8
102-10157-2024,20/02/2024,Sales,Sell - Pre registration,Off-Plan,Free Hold,Residential,Al Hebiah Sixth,Building,Villa,3193000.00,240.00,240.00,4 B/R,,,,,1,1,,Mudon Al Ranim 8
102-10158-2024,20/02/2024,Sales,Sell - Pre registration,Off-Plan,Free Hold,Residential,Al Hebiah Sixth,Building,Villa,2671000.00,168.00,168.00,3 B/R,,,,,2,1,,Mudon Al Ranim 8
102-10159-2024,20/02/2024,Sales,Sell - Pre registration,Off-Plan,Free Hold,Residential,Al Hebiah Sixth,Building,Villa,2695000.00,168.00,168.00,3 B/R,,,,,1,1,,Mudon Al Ranim 8
102-1016-2024,08/01/2024,Sales,Sell - Pre registration,Off-Plan,Non Free Hold,Residential,SILICON OASIS,Unit,Flat,886832.82,74.85,74.85,1 B/R,1,,,IMG World Adventures,1,1,,TRIA BY DEYAAR
102-10160-2024,19/02/2024,Sales,Sell - Pre registration,Off-Plan,Free Hold,Residential,MEYDAN ONE,Unit,Flat,3323510.00,114.42,114.42,2 B/R,1,Buj Khalifa Dubai Mall Metro Station,Dubai Mall,Downtown Dubai,1,1,,Azizi Riviera Reve
102-10161-2024,20/02/2024,Sales,Sell - Pre registration,Off-Plan,Free Hold,Residential,Al Hebiah Sixth,Building,Villa,3526000.00,319.84,319.84,4 B/R,,,,,1,1,,Mudon Al Ranim 8
102-10162-2024,21/02/2024,Sales,Sell - Pre registration,Off-Plan,Free Hold,Residential,DUBAI MARINA,Unit,Hotel Rooms,769500.00,7.78,7.78,Studio,EU,Mina Seyahi,Marina Mall,Burj Al Arab,1,1,,Ciel
102-10163-2024,21/02/2024,Sales,Sell - Pre registration,Off-Plan,Free Hold,Residential,DUBAI MARINA,Unit,Hotel Rooms,735650.00,7.75,7.75,Studio,EU,Mina Seyahi,Marina Mall,Burj Al Arab,1,1,,Ciel
102-10164-2024,21/02/2024,Sales,Sell - Pre registration,Off-Plan,Free Hold,Residential,BUSINESS BAY,Unit,Flat,4258888.00,247.29,247.29,3 B/R,2,Business Bay Metro Station,Dubai Mall,Downtown Dubai,1,1,,URBAN OASIS
102-10165-2024,19/02/2024,Sales,Sell - Pre registration,Off-Plan,Free Hold,Residential,DUBAI SPORTS CITY,Unit,Flat,520674.00,47.04,47.04,Studio,1,Nakheel Metro Station,Marina Mall,Sports City Swimming Academy,1,1,,Vista by Prestige One
102-10166-2024,19/02/2024,Sales,Sell - Pre registration,Off-Plan,Free Hold,Residential,JUMEIRAH VILLAGE CIRCLE,Unit,Flat,938440.00,66.85,66.85,1 B/R,1,Dubai Internet City,Mall of the Emirates,Sports City Swimming Academy,1,1,,The Orchard Place
102-10167-2024,19/02/2024,Sales,Sell - Pre registration,Off-Plan,Free Hold,Residential,JUMEIRAH VILLAGE CIRCLE,Unit,Flat,1001078.00,74.00,74.00,1 B/R,1,Dubai Internet City,Mall of the Emirates,Sports City Swimming Academy,2,1,,The Orchard Place
102-10168-2024,19/02/2024,Sales,Sell - Pre registration,Off-Plan,Free Hold,Residential,JUMEIRAH VILLAGE CIRCLE,Unit,Flat,1158885.00,74.28,74.28,1 B/R,1,Dubai Internet City,Mall of the Emirates,Sports City Swimming Academy,1,1,,The Orchard Place
102-10169-2024,19/02/2024,Sales,Sell - Pre registration,Off-Plan,Free Hold,Residential,DUBAI SPORTS CITY,Unit,Flat,1430310.00,129.15,129.15,2 B/R,1,Nakheel Metro Station,Marina Mall,Sports City Swimming Academy,1,1,,Vista by Prestige One
102-1017-2024,08/01/2024,Sales,Sell - Pre registration,Off-Plan,Non Free Hold,Residential,SILICON OASIS,Unit,Flat,884842.99,74.87,74.87,1 B/R,1,,,IMG World Adventures,1,1,,TRIA BY DEYAAR
102-10170-2024,20/02/2024,Sales,Sell - Pre registration,Off-Plan,Free Hold,Residential,Al Hebiah Sixth,Building,Villa,2671000.00,168.00,168.00,3 B/R,,,,,2,1,,Mudon Al Ranim 8
102-10171-2024,20/02/2024,Sales,Sell - Pre registration,Off-Plan,Free Hold,Residential,Al Hebiah Sixth,Building,Villa,3088000.00,168.00,168.00,3 B/R,,,,,1,1,,Mudon Al Ranim 7
102-10172-2024,20/02/2024,Sales,Sell - Pre registration,Off-Plan,Free Hold,Residential,Al Hebiah Sixth,Building,Villa,3059000.00,168.64,168.64,3 B/R,,,,,2,1,,Mudon Al Ranim 7
102-10173-2024,20/02/2024,Sales,Sell - Pre registration,Off-Plan,Free Hold,Residential,Al Hebiah Sixth,Building,Villa,3342000.00,294.07,294.07,4 B/R,,,,,2,1,,Mudon Al Ranim 8
102-10174-2024,20/02/2024,Sales,Sell - Pre registration,Off-Plan,Free Hold,Residential,Al Hebiah Sixth,Building,Villa,3740000.00,293.59,293.59,4 B/R,,,,,2,1,,Mudon Al Ranim 7
102-10175-2024,20/02/2024,Sales,Sell - Pre registration,Off-Plan,Free Hold,Residential,Al Hebiah Sixth,Building,Villa,3193000.00,240.00,240.00,4 B/R,,,,,1,1,,Mudon Al Ranim 8
102-10176-2024,20/02/2024,Sales,Sell - Pre registration,Off-Plan,Free Hold,Residential,Al Hebiah Sixth,Building,Villa,3531000.00,263.30,263.30,4 B/R,,,,,1,1,,Mudon Al Ranim 7
102-10177-2024,20/02/2024,Sales,Sell - Pre registration,Off-Plan,Free Hold,Residential,Al Hebiah Sixth,Building,Villa,3712000.00,240.00,240.00,4 B/R,,,,,2,1,,Mudon Al Ranim 7
102-10178-2024,20/02/2024,Sales,Sell - Pre registration,Off-Plan,Free Hold,Residential,Al Hebiah Sixth,Building,Villa,2641000.00,168.00,168.00,3 B/R,,,,,1,1,,Mudon Al Ranim 8
102-10179-2024,20/02/2024,Sales,Sell - Pre registration,Off-Plan,Free Hold,Residential,Al Hebiah Sixth,Building,Villa,3034000.00,264.26,264.26,4 B/R,,,,,2,1,,Mudon Al Ranim 7
102-1018-2024,08/01/2024,Sales,Sell - Pre registration,Off-Plan,Free Hold,Residential,Madinat Dubai Almelaheyah,Unit,Flat,1623888.00,74.91,74.91,1 B/R,1,,,,1,1,,Clearpoint
102-10180-2024,20/02/2024,Sales,Sell - Pre registration,Off-Plan,Free Hold,Residential,Al Hebiah Sixth,Building,Villa,3117000.00,168.00,168.00,3 B/R,,,,,2,1,,Mudon Al Ranim 7
102-10181-2024,20/02/2024,Sales,Sell - Pre registration,Off-Plan,Free Hold,Residential,Al Hebiah Sixth,Building,Villa,3146000.00,279.17,279.17,4 B/R,,,,,1,1,,Mudon Al Ranim 7
102-10182-2024,20/02/2024,Sales,Sell - Pre registration,Off-Plan,Free Hold,Residential,Al Hebiah Sixth,Building,Villa,3810000.00,240.00,240.00,4 B/R,,,,,1,1,,Mudon Al Ranim 7
102-10183-2024,20/02/2024,Sales,Sell - Pre registration,Off-Plan,Free Hold,Residential,Al Hebiah Sixth,Building,Villa,3143000.00,243.09,243.09,4 B/R,,,,,2,1,,Mudon Al Ranim 7
102-10184-2024,22/02/2024,Sales,Sell - Pre registration,Off-Plan,Free Hold,Residential,JUMEIRAH VILLAGE CIRCLE,Unit,Flat,1023222.00,66.46,66.46,1 B/R,1,Dubai Internet City,Marina Mall,Sports City Swimming Academy,2,1,,THE HAVEN GARDEN
102-10185-2024,20/02/2024,Sales,Sell - Pre registration,Off-Plan,Free Hold,Residential,Al Hebiah Sixth,Building,Villa,2617000.00,168.00,168.00,3 B/R,,,,,1,1,,Mudon Al Ranim 8
102-10186-2024,20/02/2024,Sales,Sell - Pre registration,Off-Plan,Free Hold,Residential,Al Hebiah Sixth,Building,Villa,2761000.00,168.00,168.00,3 B/R,,,,,1,1,,Mudon Al Ranim 7
102-10187-2024,20/02/2024,Sales,Sell - Pre registration,Off-Plan,Free Hold,Residential,DUBAI LAND RESIDENCE COMPLEX,Unit,Flat,400000.00,40.92,40.92,Studio,1,,,IMG World Adventures,1,1,,AG SQUARE
102-10188-2024,20/02/2024,Sales,Sell - Pre registration,Off-Plan,Free Hold,Residential,Al Hebiah Sixth,Building,Villa,3091000.00,169.68,169.68,3 B/R,,,,,2,1,,Mudon Al Ranim 7
102-10189-2024,20/02/2024,Sales,Sell - Pre registration,Off-Plan,Free Hold,Residential,DUBAI LAND RESIDENCE COMPLEX,Unit,Flat,400000.00,40.92,40.92,Studio,1,,,IMG World Adventures,1,1,,AG SQUARE
102-1019-2024,08/01/2024,Sales,Sell - Pre registration,Off-Plan,Non Free Hold,Residential,SILICON OASIS,Unit,Flat,825521.00,71.61,71.61,1 B/R,1,,,IMG World Adventures,2,1,,TRIA BY DEYAAR
102-10190-2024,20/02/2024,Sales,Sell - Pre registration,Off-Plan,Free Hold,Residential,Al Hebiah Sixth,Building,Villa,2761000.00,168.00,168.00,3 B/R,,,,,2,1,,Mudon Al Ranim 7
102-10191-2024,20/02/2024,Sales,Sell - Pre registration,Off-Plan,Free Hold,Residential,Al Hebiah Sixth,Building,Villa,3108000.00,240.00,240.00,4 B/R,,,,,2,1,,Mudon Al Ranim 7
102-10192-2024,20/02/2024,Sales,Sell - Pre registration,Off-Plan,Free Hold,Residential,DUBAI MARITIME CITY,Unit,Flat,1373000.00,57.15,57.15,Studio,1,,,,1,1,,Oceanz 1 By Danube
102-10193-2024,20/02/2024,Sales,Sell - Pre registration,Off-Plan,Free Hold,Residential,JUMEIRAH VILLAGE CIRCLE,Unit,Flat,807000.00,41.60,41.60,Studio,1,Nakheel Metro Station,Marina Mall,Sports City Swimming Academy,1,1,,Elitz 3 By Danube
102-10194-2024,20/02/2024,Sales,Sell - Pre registration,Off-Plan,Free Hold,Residential,ARJAN,Unit,Flat,571803.00,40.22,40.22,Studio,1,Sharaf Dg Metro Station,Mall of the Emirates,Motor City,1,1,,NAS3
102-10195-2024,20/02/2024,Sales,Sell - Pre registration,Off-Plan,Free Hold,Residential,DAMAC HILLS,Unit,Flat,825000.00,59.66,59.66,1 B/R,1,,,Motor City,1,1,,DAMAC HILLS - GOLF GATE
102-10196-2024,20/02/2024,Sales,Sell - Pre registration,Off-Plan,Free Hold,Residential,JUMEIRAH VILLAGE CIRCLE,Unit,Flat,580000.00,38.15,38.16,Studio,B-30,Dubai Internet City,Mall of the Emirates,Sports City Swimming Academy,1,1,,Oxford Terraces
102-10197-2024,20/02/2024,Sales,Sell - Pre registration,Off-Plan,Free Hold,Residential,Al Hebiah Sixth,Building,Villa,3334000.00,241.18,241.18,4 B/R,,,,,1,1,,Mudon Al Ranim 7
102-10198-2024,22/02/2024,Sales,Sell - Pre registration,Off-Plan,Free Hold,Residential,JUMEIRAH VILLAGE CIRCLE,Unit,Flat,1134222.00,78.36,78.36,1 B/R,1,Dubai Internet City,Marina Mall,Sports City Swimming Academy,1,1,,THE HAVEN GARDEN
102-10199-2024,20/02/2024,Sales,Sell - Pre registration,Off-Plan,Free Hold,Residential,Al Hebiah Sixth,Building,Villa,2749000.00,176.63,176.63,3 B/R,,,,,2,1,,Mudon Al Ranim 7
102-102-2024,05/01/2024,Sales,Sell - Pre registration,Off-Plan,Free Hold,Residential,Al Wasl,Unit,Flat,7497000.00,207.65,207.65,3 B/R,2,,,,2,1,,Central Park Plaza
102-1020-2024,08/01/2024,Sales,Sell - Pre registration,Off-Plan,Non Free Hold,Residential,SILICON OASIS,Unit,Flat,527321.00,40.59,40.59,Studio,1,,,IMG World Adventures,1,1,,TRIA BY DEYAAR
102-10200-2024,20/02/2024,Sales,Sell - Pre registration,Off-Plan,Free Hold,Residential,Al Hebiah Sixth,Building,Villa,3117000.00,168.00,168.00,3 B/R,,,,,1,1,,Mudon Al Ranim 7
102-10201-2024,20/02/2024,Sales,Sell - Pre registration,Off-Plan,Free Hold,Residential,Al Hebiah Sixth,Building,Villa,3128000.00,173.30,173.30,3 B/R,,,,,1,1,,Mudon Al Ranim 7
102-10202-2024,20/02/2024,Sales,Sell - Pre registration,Off-Plan,Free Hold,Residential,Al Hebiah Sixth,Building,Villa,2761000.00,168.00,168.00,3 B/R,,,,,1,1,,Mudon Al Ranim 7
102-10203-2024,20/02/2024,Sales,Sell - Pre registration,Off-Plan,Free Hold,Residential,AL FURJAN,Unit,Flat,542000.00,40.14,40.14,Studio,1,Ibn Battuta Metro Station,Ibn-e-Battuta Mall,Expo 2020 Site,2,1,,Prime Residency 3
102-10204-2024,20/02/2024,Sales,Sell - Pre registration,Off-Plan,Free Hold,Residential,Al Hebiah Sixth,Building,Villa,2612000.00,168.00,168.00,3 B/R,,,,,2,1,,Mudon Al Ranim 8
102-10205-2024,20/02/2024,Sales,Sell - Pre registration,Off-Plan,Free Hold,Residential,Al Hebiah Sixth,Building,Villa,3616000.00,331.62,331.62,4 B/R,,,,,1,1,,Mudon Al Ranim 7
102-10206-2024,20/02/2024,Sales,Sell - Pre registration,Off-Plan,Free Hold,Residential,Al Hebiah Sixth,Building,Villa,2599000.00,168.00,168.00,3 B/R,,,,,2,1,,Mudon Al Ranim 7
102-10207-2024,21/02/2024,Sales,Sell - Pre registration,Off-Plan,Free Hold,Residential,Al Hebiah Sixth,Building,Villa,2605000.00,168.00,168.00,3 B/R,,,,,1,1,,Mudon Al Ranim 7
102-10208-2024,20/02/2024,Sales,Sell - Pre registration,Off-Plan,Free Hold,Residential,Al Hebiah Sixth,Building,Villa,3079000.00,240.00,240.00,4 B/R,,,,,1,1,,Mudon Al Ranim 7
102-10209-2024,20/02/2024,Sales,Sell - Pre registration,Off-Plan,Free Hold,Residential,Al Hebiah Sixth,Building,Villa,3193000.00,240.00,240.00,4 B/R,,,,,1,1,,Mudon Al Ranim 8
102-1021-2024,08/01/2024,Sales,Sell - Pre registration,Off-Plan,Non Free Hold,Residential,SILICON OASIS,Unit,Flat,860498.10,74.85,74.85,1 B/R,1,,,IMG World Adventures,1,1,,TRIA BY DEYAAR
102-10210-2024,20/02/2024,Sales,Sell - Pre registration,Off-Plan,Free Hold,Residential,Al Hebiah Sixth,Building,Villa,3082000.00,241.47,241.47,4 B/R,,,,,1,1,,Mudon Al Ranim 7
102-10211-2024,21/02/2024,Sales,Sell - Pre registration,Off-Plan,Free Hold,Residential,Al Hebiah Sixth,Building,Villa,2699000.00,169.65,169.65,3 B/R,,,,,1,1,,Mudon Al Ranim 8
102-10212-2024,27/02/2024,Sales,Sell - Pre registration,Off-Plan,Free Hold,Residential,JUMEIRAH VILLAGE CIRCLE,Unit,Flat,1072094.00,73.62,73.62,1 B/R,1,Nakheel Metro Station,Marina Mall,Sports City Swimming Academy,1,1,,Manhattan 1 by SD
102-10213-2024,20/02/2024,Sales,Sell - Pre registration,Off-Plan,Free Hold,Residential,JUMEIRAH VILLAGE CIRCLE,Unit,Flat,1125000.00,62.16,62.16,1 B/R,1,Dubai Internet City,Mall of the Emirates,Sports City Swimming Academy,1,1,,OAKLEY SQUARE RESIDENCES
102-10214-2024,22/02/2024,Sales,Sell - Pre registration,Off-Plan,Free Hold,Residential,JUMEIRAH VILLAGE TRIANGLE,Unit,Flat,946354.50,63.29,63.29,1 B/R,1,Damac Properties,Marina Mall,Sports City Swimming Academy,2,1,,LILIUM TOWER
102-10215-2024,20/02/2024,Sales,Sell - Pre registration,Off-Plan,Free Hold,Residential,THE VALLEY,Building,Villa,1900000.00,174.00,174.00,3 B/R,,,,,1,1,,The Valley-Nara
102-10216-2024,20/02/2024,Sales,Sell - Pre registration,Off-Plan,Free Hold,Residential,Wadi Al Safa 7,Building,Villa,750000.00,70.46,70.46,1 B/R,,,,,2,1,,Rukan 3
102-10218-2024,20/02/2024,Sales,Sell - Pre registration,Off-Plan,Free Hold,Residential,Al Hebiah Sixth,Building,Villa,2641000.00,168.00,168.00,3 B/R,,,,,1,1,,Mudon Al Ranim 8
102-10219-2024,20/02/2024,Sales,Sell - Pre registration,Off-Plan,Free Hold,Residential,Al Hebiah Sixth,Building,Villa,2502000.00,172.79,172.79,3 B/R,,,,,2,1,,Mudon Al Ranim 7
102-1022-2024,08/01/2024,Sales,Sell - Pre registration,Off-Plan,Free Hold,Residential,DUBAI HEALTHCARE CITY - PHASE 2,Unit,Flat,1649290.00,122.64,122.50,2 B/R,G-18,Al Jadaf Metro Station,Dubai Mall,Downtown Dubai,1,1,,AL WALEED GARDEN 2
102-10220-2024,20/02/2024,Sales,Sell - Pre registration,Off-Plan,Free Hold,Residential,Al Hebiah Sixth,Building,Villa,2735000.00,170.32,170.32,3 B/R,,,,,1,1,,Mudon Al Ranim 7
102-10221-2024,20/02/2024,Sales,Sell - Pre registration,Off-Plan,Free Hold,Residential,Al Hebiah Sixth,Building,Villa,3117000.00,168.00,168.00,3 B/R,,,,,1,1,,Mudon Al Ranim 7
102-10222-2024,20/02/2024,Sales,Sell - Pre registration,Off-Plan,Free Hold,Residential,Al Hebiah Sixth,Building,Villa,3089000.00,168.95,168.95,3 B/R,,,,,2,1,,Mudon Al Ranim 7
102-10223-2024,20/02/2024,Sales,Sell - Pre registration,Off-Plan,Free Hold,Residential,Al Hebiah Sixth,Building,Villa,3088000.00,168.00,168.00,3 B/R,,,,,1,1,,Mudon Al Ranim 7
102-10224-2024,20/02/2024,Sales,Sell - Pre registration,Off-Plan,Free Hold,Residential,DUBAI MARITIME CITY,Unit,Flat,2651000.00,110.04,110.04,2 B/R,1,,,,3,1,,Oceanz 1 By Danube
102-10225-2024,20/02/2024,Sales,Sell - Pre registration,Off-Plan,Free Hold,Residential,Marsa Dubai,Unit,Flat,15413521.00,292.77,292.77,3 B/R,2,,,,1,1,,DAMAC BAY 2
102-10226-2024,20/02/2024,Sales,Sell - Pre registration,Off-Plan,Free Hold,Residential,ARJAN,Unit,Flat,642495.00,40.22,40.22,Studio,1,Sharaf Dg Metro Station,Mall of the Emirates,Motor City,1,1,,NAS3
102-10227-2024,20/02/2024,Sales,Sell - Pre registration,Off-Plan,Free Hold,Residential,BUSINESS BAY,Unit,Flat,850000.00,40.34,40.34,Studio,1,Buj Khalifa Dubai Mall Metro Station,Dubai Mall,Downtown Dubai,1,2,,Regalia
102-10228-2024,20/02/2024,Sales,Sell - Pre registration,Off-Plan,Free Hold,Residential,Al Hebiah Sixth,Building,Villa,3088000.00,168.01,168.01,3 B/R,,,,,1,1,,Mudon Al Ranim 7
102-10229-2024,20/02/2024,Sales,Sell - Pre registration,Off-Plan,Free Hold,Residential,Al Hebiah Sixth,Building,Villa,3659000.00,314.92,314.92,4 B/R,,,,,1,1,,Mudon Al Ranim 7
102-1023-2024,08/01/2024,Sales,Sell - Pre registration,Off-Plan,Free Hold,Residential,Marsa Dubai,Unit,Flat,3734000.00,77.91,77.91,1 B/R,1,,,,2,1,,DAMAC BAY 2
102-10230-2024,20/02/2024,Sales,Sell - Pre registration,Off-Plan,Free Hold,Residential,Al Hebiah Sixth,Building,Villa,2671000.00,168.00,168.00,3 B/R,,,,,1,1,,Mudon Al Ranim 8
102-10231-2024,20/02/2024,Sales,Sell - Pre registration,Off-Plan,Free Hold,Residential,Al Hebiah Sixth,Building,Villa,3473000.00,290.53,290.53,4 B/R,,,,,1,1,,Mudon Al Ranim 7
102-10232-2024,22/02/2024,Sales,Sell - Pre registration,Off-Plan,Free Hold,Residential,BUSINESS BAY,Unit,Flat,1578491.00,77.15,77.15,1 B/R,1,Buj Khalifa Dubai Mall Metro Station,Dubai Mall,Downtown Dubai,1,1,,NOBLES
102-10233-2024,20/02/2024,Sales,Sell - Pre registration,Off-Plan,Free Hold,Residential,VILLANOVA,Building,Villa,1900000.00,164.53,164.53,3 B/R,,,,IMG World Adventures,1,1,,La Violeta 1
102-10234-2024,22/02/2024,Sales,Sell - Pre registration,Off-Plan,Free Hold,Residential,JUMEIRAH VILLAGE TRIANGLE,Unit,Flat,950588.10,64.45,64.45,1 B/R,1,Damac Properties,Marina Mall,Sports City Swimming Academy,1,1,,LILIUM TOWER
102-10235-2024,22/02/2024,Sales,Sell - Pre registration,Off-Plan,Free Hold,Residential,JUMEIRAH VILLAGE TRIANGLE,Unit,Flat,987160.50,63.43,63.43,1 B/R,1,Damac Properties,Marina Mall,Sports City Swimming Academy,1,1,,LILIUM TOWER
102-10236-2024,20/02/2024,Sales,Sell - Pre registration,Off-Plan,Free Hold,Residential,JUMEIRAH VILLAGE CIRCLE,Unit,Flat,565000.00,35.51,35.54,Studio,B-47,Dubai Internet City,Mall of the Emirates,Sports City Swimming Academy,1,1,,Oxford Terraces
102-10237-2024,20/02/2024,Sales,Sell - Pre registration,Off-Plan,Free Hold,Residential,Al Hebiah Sixth,Building,Villa,3294000.00,240.00,240.00,4 B/R,,,,,1,1,,Mudon Al Ranim 7
102-10238-2024,20/02/2024,Sales,Sell - Pre registration,Off-Plan,Free Hold,Residential,Al Hebiah Sixth,Building,Villa,3182000.00,242.17,242.17,4 B/R,,,,,1,1,,Mudon Al Ranim 7
102-10239-2024,20/02/2024,Sales,Sell - Pre registration,Off-Plan,Free Hold,Residential,Al Hebiah Sixth,Building,Villa,3067000.00,241.44,241.44,4 B/R,,,,,1,1,,Mudon Al Ranim 7
102-1024-2024,08/01/2024,Sales,Sell - Pre registration,Off-Plan,Non Free Hold,Residential,SILICON OASIS,Unit,Flat,844512.31,71.63,71.63,1 B/R,1,,,IMG World Adventures,2,1,,TRIA BY DEYAAR
102-10240-2024,20/02/2024,Sales,Sell - Pre registration,Off-Plan,Free Hold,Residential,BUSINESS BAY,Unit,Flat,995000.00,41.99,41.99,Studio,1,Business Bay Metro Station,Dubai Mall,Downtown Dubai,1,1,,Peninsula Two
102-10241-2024,20/02/2024,Sales,Sell - Pre registration,Off-Plan,Free Hold,Residential,Al Hebiah Sixth,Building,Villa,3146000.00,209.69,209.69,3 B/R,,,,,1,1,,Mudon Al Ranim 7
102-10242-2024,20/02/2024,Sales,Sell - Pre registration,Off-Plan,Free Hold,Residential,Al Hebiah Sixth,Building,Villa,2527000.00,177.08,177.08,3 B/R,,,,,1,1,,Mudon Al Ranim 7
102-10243-2024,27/02/2024,Sales,Sell - Pre registration,Off-Plan,Free Hold,Residential,DUBAI LAND RESIDENCE COMPLEX,Unit,Flat,648504.00,66.94,66.94,1 B/R,1,,,IMG World Adventures,1,1,,AG CENTRAL
102-10244-2024,20/02/2024,Sales,Sell - Pre registration,Off-Plan,Free Hold,Residential,Al Hebiah Sixth,Building,Villa,3219000.00,312.38,312.38,4 B/R,,,,,1,1,,Mudon Al Ranim 7
102-10245-2024,20/02/2024,Sales,Sell - Pre registration,Off-Plan,Free Hold,Residential,ARJAN,Unit,Flat,616795.00,40.22,40.22,Studio,1,Sharaf Dg Metro Station,Mall of the Emirates,Motor City,1,1,,NAS3
102-10246-2024,20/02/2024,Sales,Sell - Pre registration,Off-Plan,Free Hold,Residential,ARJAN,Unit,Flat,614509.00,40.22,40.22,Studio,1,Sharaf Dg Metro Station,Mall of the Emirates,Motor City,1,1,,NAS3
102-10247-2024,20/02/2024,Sales,Sell - Pre registration,Off-Plan,Free Hold,Residential,DUBAI MARITIME CITY,Unit,Flat,2698000.00,110.00,110.00,2 B/R,1,,,,1,1,,Oceanz 1 By Danube
102-10248-2024,20/02/2024,Sales,Sell - Pre registration,Off-Plan,Free Hold,Residential,DUBAI HARBOUR,Unit,Flat,3900000.00,119.50,119.50,2 B/R,1,,,,1,1,,Beach Mansion
102-10249-2024,20/02/2024,Sales,Sell - Pre registration,Off-Plan,Free Hold,Residential,Al Hebiah Sixth,Building,Villa,3601000.00,301.56,301.56,4 B/R,,,,,2,1,,Mudon Al Ranim 7
102-1025-2024,08/01/2024,Sales,Sell - Pre registration,Off-Plan,Non Free Hold,Residential,SILICON OASIS,Unit,Flat,836267.39,74.87,74.87,1 B/R,1,,,IMG World Adventures,2,1,,TRIA BY DEYAAR
102-10250-2024,20/02/2024,Sales,Sell - Pre registration,Off-Plan,Free Hold,Residential,Al Hebiah Sixth,Building,Villa,3149000.00,211.48,211.48,3 B/R,,,,,2,1,,Mudon Al Ranim 7
102-10251-2024,20/02/2024,Sales,Sell - Pre registration,Off-Plan,Free Hold,Residential,Al Hebiah Sixth,Building,Villa,3091000.00,169.20,169.20,3 B/R,,,,,1,1,,Mudon Al Ranim 7
102-10252-2024,20/02/2024,Sales,Sell - Pre registration,Off-Plan,Free Hold,Residential,JUMEIRAH VILLAGE CIRCLE,Unit,Flat,1037400.00,82.57,82.57,2 B/R,1,Dubai Internet City,Marina Mall,Sports City Swimming Academy,1,1,,LEVANTO BY ORO24
102-10253-2024,20/02/2024,Sales,Sell - Pre registration,Off-Plan,Free Hold,Residential,ARJAN,Unit,Flat,619153.00,42.02,42.02,Studio,1,Sharaf Dg Metro Station,Mall of the Emirates,Motor City,1,1,,NAS3
102-10254-2024,20/02/2024,Sales,Sell - Pre registration,Off-Plan,Free Hold,Residential,DUBAI MARINA,Unit,Hotel Rooms,770196.00,9.17,9.17,Studio,EU,Mina Seyahi,Marina Mall,Burj Al Arab,2,1,,Ciel
102-10255-2024,20/02/2024,Sales,Sell - Pre registration,Off-Plan,Free Hold,Residential,JUMEIRAH VILLAGE CIRCLE,Unit,Flat,1070000.00,73.62,73.62,1 B/R,1,Nakheel Metro Station,Marina Mall,Sports City Swimming Academy,2,1,,Manhattan 1 by SD
102-10256-2024,20/02/2024,Sales,Sell - Pre registration,Off-Plan,Free Hold,Residential,PALM JUMEIRAH,Unit,Flat,26460000.00,313.40,313.40,2 B/R,2,,,,1,1,,Armani Beach Residences At Palm Jumeirah
102-10257-2024,20/02/2024,Sales,Sell - Pre registration,Off-Plan,Free Hold,Residential,Wadi Al Safa 5,Building,Villa,2080000.00,144.84,144.84,3 B/R,,,,,1,1,,Arabian Ranches lll - Raya
102-10258-2024,20/02/2024,Sales,Sell - Pre registration,Off-Plan,Free Hold,Residential,JUMEIRAH LAKES TOWERS,Unit,Flat,1612450.00,71.64,71.64,1 B/R,1,Marina Mall Metro Station,Marina Mall,Sports City Swimming Academy,1,2,,Verde by Sobha
102-10259-2024,20/02/2024,Sales,Sell - Pre registration,Off-Plan,Free Hold,Residential,DUBAI HARBOUR,Unit,Flat,3700000.00,114.63,114.63,2 B/R,1,,,,1,1,,Palace Beach Residence
102-1026-2024,08/01/2024,Sales,Sell - Pre registration,Off-Plan,Free Hold,Residential,ARJAN,Unit,Flat,898960.30,40.11,40.11,Studio,1,Sharaf Dg Metro Station,Mall of the Emirates,Motor City,1,1,,SAMANA SKYROS
102-10260-2024,20/02/2024,Sales,Sell - Pre registration,Off-Plan,Free Hold,Residential,DUBAI HILLS,Unit,Flat,1409270.00,59.96,59.96,1 B/R,1,First Abu Dhabi Bank Metro Station,Mall of the Emirates,Motor City,1,1,,Park Field
102-10261-2024,20/02/2024,Sales,Sell - Pre registration,Off-Plan,Free Hold,Residential,DUBAI MARITIME CITY,Unit,Flat,2282000.00,81.22,81.22,1 B/R,1,,,,1,1,,Oceanz 2 By Danube
102-10262-2024,20/02/2024,Sales,Sell - Pre registration,Off-Plan,Free Hold,Residential,JUMEIRAH VILLAGE CIRCLE,Unit,Flat,1050000.00,74.84,74.84,1 B/R,1,Dubai Internet City,Mall of the Emirates,Sports City Swimming Academy,1,1,,OAKLEY SQUARE RESIDENCES
102-10263-2024,20/02/2024,Sales,Sell - Pre registration,Off-Plan,Free Hold,Residential,ARJAN,Unit,Flat,598752.00,40.15,40.15,Studio,1,Sharaf Dg Metro Station,Mall of the Emirates,Motor City,1,1,,NAS3
102-10264-2024,20/02/2024,Sales,Sell - Pre registration,Off-Plan,Free Hold,Residential,Al Wasl,Unit,Flat,2100000.00,72.74,72.74,1 B/R,1,,,,1,1,,Fern
102-10265-2024,20/02/2024,Sales,Sell - Pre registration,Off-Plan,Free Hold,Residential,Al Hebiah Fourth,Building,Villa,4500000.00,233.27,233.27,4 B/R,,,,,1,2,,Aura
102-10266-2024,20/02/2024,Sales,Sell - Pre registration,Off-Plan,Free Hold,Residential,CITY WALK,Unit,Flat,3500000.00,142.89,142.89,2 B/R,1,Buj Khalifa Dubai Mall Metro Station,Dubai Mall,Burj Khalifa,1,1,,Central Park at City Walk -Building 1
102-10267-2024,20/02/2024,Sales,Sell - Pre registration,Off-Plan,Free Hold,Residential,DUBAI CREEK HARBOUR,Unit,Flat,2000000.00,102.19,102.19,2 B/R,1,Creek Metro Station,City Centre Mirdif,Dubai International Airport,1,1,,Creek Palace
102-10268-2024,20/03/2024,Sales,Sell - Pre registration,Off-Plan,Free Hold,Residential,JUMEIRAH VILLAGE CIRCLE,Unit,Flat,755625.00,58.03,58.03,Studio,1,Dubai Internet City,Mall of the Emirates,Sports City Swimming Academy,1,1,,Elitz By Danube
